strain	length	A	C	G	T	N	other_IUPAC	-	?	invalid_nucleotides
epi4547995/africa/south_africa/2025-06-23	1701	581	326	389	405	0	0	0	0	0
epi4473710/africa/south_africa/2025-04-17	1737	594	335	394	414	0	0	0	0	0
epi4548003/africa/south_africa/2025-06-23	1701	577	329	390	405	0	0	0	0	0
epi4473718/africa/south_africa/2025-03-27	1737	596	331	392	418	0	0	0	0	0
epi4547979/africa/south_africa/2025-06-24	1701	581	325	389	406	0	0	0	0	0
epi4473694/africa/south_africa/2025-04-30	1737	596	331	393	417	0	0	0	0	0
epi4547987/africa/south_africa/2025-06-23	1701	581	327	389	404	0	0	0	0	0
epi4473702/africa/south_africa/2025-01-28	1737	596	333	391	416	0	1	0	0	0
epi4548027/africa/south_africa/2025-06-23	1701	582	329	387	403	0	0	0	0	0
epi4473742/africa/south_africa/2025-04-02	1737	597	331	391	418	0	0	0	0	0
epi4548035/africa/south_africa/2025-06-24	1701	580	329	389	403	0	0	0	0	0
epi4473750/africa/south_africa/2025-03-24	1737	596	334	393	414	0	0	0	0	0
epi4548011/africa/south_africa/2025-06-23	1701	580	327	388	406	0	0	0	0	0
epi4473726/africa/south_africa/2025-04-04	1737	594	332	393	418	0	0	0	0	0
epi4548019/africa/south_africa/2025-06-18	1701	581	325	389	406	0	0	0	0	0
epi4473734/africa/south_africa/2025-04-09	1738	594	332	396	416	0	0	0	0	0
epi4473774/africa/south_africa/2025-05-02	1737	591	335	395	416	0	0	0	0	0
epi4473782/africa/south_africa/2025-03-27	1737	596	331	393	417	0	0	0	0	0
epi4548043/africa/south_africa/2025-06-24	1701	581	327	388	405	0	0	0	0	0
epi4473758/africa/south_africa/2025-04-23	1737	594	334	394	415	0	0	0	0	0
epi4548051/africa/south_africa/2025-06-24	1701	583	324	387	407	0	0	0	0	0
epi4473766/africa/south_africa/2025-04-03	1737	595	331	394	417	0	0	0	0	0
epi4473806/africa/south_africa/2025-03-27	1737	599	332	390	416	0	0	0	0	0
epi4473814/africa/south_africa/2025-05-02	1737	593	334	395	415	0	0	0	0	0
epi4473790/africa/south_africa/2025-04-01	1737	594	334	394	415	0	0	0	0	0
epi4473798/africa/south_africa/2025-05-08	1737	599	330	390	418	0	0	0	0	0
epi4547870/africa/south_africa/2025-06-18	1701	584	325	386	406	0	0	0	0	0
epi4547877/africa/south_africa/2025-06-17	1701	582	325	388	406	0	0	0	0	0
epi4547854/africa/south_africa/2025-06-17	1701	577	326	392	405	0	1	0	0	0
epi4547862/africa/south_africa/2025-06-18	1701	580	328	388	405	0	0	0	0	0
epi4547899/africa/south_africa/2025-06-18	1701	580	326	389	406	0	0	0	0	0
epi4547907/africa/south_africa/2025-06-12	1701	576	329	391	405	0	0	0	0	0
epi4547883/africa/south_africa/2025-06-17	1701	582	325	388	406	0	0	0	0	0
epi4547891/africa/south_africa/2025-06-18	1701	578	328	390	404	0	1	0	0	0
epi4547931/africa/south_africa/2025-06-19	1701	578	325	392	406	0	0	0	0	0
epi4547939/africa/south_africa/2025-06-20	1701	580	329	388	403	0	1	0	0	0
epi4547915/africa/south_africa/2025-06-17	1701	577	329	390	405	0	0	0	0	0
epi4547923/africa/south_africa/2025-06-20	1701	581	328	388	404	0	0	0	0	0
epi4547963/africa/south_africa/2025-06-19	1701	580	328	389	404	0	0	0	0	0
epi4547971/africa/south_africa/2025-06-24	1701	577	326	393	405	0	0	0	0	0
epi4473686/africa/south_africa/2025-04-08	1737	598	330	391	418	0	0	0	0	0
epi4547947/africa/south_africa/2025-06-19	1701	577	326	393	405	0	0	0	0	0
epi4547955/africa/south_africa/2025-06-21	1701	580	324	389	408	0	0	0	0	0
epi4547775/africa/south_africa/2025-06-17	1701	578	326	392	405	0	0	0	0	0
epi4547783/africa/south_africa/2025-06-17	1701	578	326	392	405	0	0	0	0	0
epi4547767/africa/south_africa/2025-06-17	1701	583	326	387	405	0	0	0	0	0
epi4547806/africa/south_africa/2025-06-13	1701	580	326	390	405	0	0	0	0	0
epi4547814/africa/south_africa/2025-06-13	1701	581	325	389	406	0	0	0	0	0
epi4547791/africa/south_africa/2025-06-15	1701	581	323	389	408	0	0	0	0	0
epi4547798/africa/south_africa/2025-06-17	1701	580	327	389	405	0	0	0	0	0
epi4547838/africa/south_africa/2025-06-18	1701	584	324	386	407	0	0	0	0	0
epi4547846/africa/south_africa/2025-06-17	1701	580	327	389	405	0	0	0	0	0
epi4547822/africa/south_africa/2025-06-17	1701	578	327	390	405	0	1	0	0	0
epi4547830/africa/south_africa/2025-06-18	1701	581	328	387	405	0	0	0	0	0
epi4473955/africa/south_africa/2025-04-08	1737	597	332	391	417	0	0	0	0	0
epi4473996/africa/south_africa/2025-03-31	1737	595	334	393	415	0	0	0	0	0
epi4473974/africa/south_africa/2025-04-14	1737	595	331	394	417	0	0	0	0	0
epi4474020/africa/south_africa/2025-04-15	1737	596	334	391	416	0	0	0	0	0
epi4474042/africa/south_africa/2025-03-25	1737	594	335	393	415	0	0	0	0	0
epi4473848/africa/south_africa/2025-03-14	1737	596	333	392	416	0	0	0	0	0
epi4473826/africa/south_africa/2025-03-20	1737	595	334	393	415	0	0	0	0	0
epi4473869/africa/south_africa/2025-05-02	1737	591	334	395	417	0	0	0	0	0
epi4473908/africa/south_africa/2025-05-07	1737	595	331	393	417	0	1	0	0	0
epi4473888/africa/south_africa/2025-04-03	1737	595	333	393	416	0	0	0	0	0
epi4473931/africa/south_africa/2025-05-07	1737	591	335	394	416	0	1	0	0	0
epi4599658/africa/south_africa/2025-06-20	1701	581	325	388	406	0	1	0	0	0
epi4599642/africa/south_africa/2025-06-26	1701	581	327	388	405	0	0	0	0	0
epi4599650/africa/south_africa/2025-06-20	1701	581	326	389	405	0	0	0	0	0
epi4599681/africa/south_africa/2025-06-26	1701	578	326	391	406	0	0	0	0	0
epi4599687/africa/south_africa/2025-06-30	1701	583	324	387	407	0	0	0	0	0
epi4599666/africa/south_africa/2025-06-20	1701	576	329	391	405	0	0	0	0	0
epi4599674/africa/south_africa/2025-06-23	1701	581	324	390	406	0	0	0	0	0
epi4599808/africa/south_africa/2025-06-25	1701	580	325	390	406	0	0	0	0	0
epi4599816/africa/south_africa/2025-06-20	1701	579	327	390	405	0	0	0	0	0
epi4599791/africa/south_africa/2025-06-23	1701	579	327	390	405	0	0	0	0	0
epi4599799/africa/south_africa/2025-06-20	1701	580	326	389	406	0	0	0	0	0
epi4599841/africa/south_africa/2025-07-04	1701	576	330	390	404	0	1	0	0	0
epi4599849/africa/south_africa/2025-07-03	1701	580	328	389	404	0	0	0	0	0
epi4599824/africa/south_africa/2025-07-01	1701	582	323	388	408	0	0	0	0	0
epi4599833/africa/south_africa/2025-07-01	1701	584	326	386	405	0	0	0	0	0
epi4599857/africa/south_africa/2025-07-04	1701	582	323	388	408	0	0	0	0	0
epi4599866/africa/south_africa/2025-07-04	1701	581	326	389	405	0	0	0	0	0
epi4599711/africa/south_africa/2025-06-30	1701	583	324	386	408	0	0	0	0	0
epi4599719/africa/south_africa/2025-07-01	1701	578	326	391	405	0	1	0	0	0
epi4599695/africa/south_africa/2025-06-26	1701	585	325	385	406	0	0	0	0	0
epi4599703/africa/south_africa/2025-07-01	1701	583	324	387	407	0	0	0	0	0
epi4599743/africa/south_africa/2025-07-03	1701	578	326	392	405	0	0	0	0	0
epi4599751/africa/south_africa/2025-07-04	1701	580	328	389	404	0	0	0	0	0
epi4599727/africa/south_africa/2025-07-04	1701	576	329	391	405	0	0	0	0	0
epi4599735/africa/south_africa/2025-07-07	1701	584	324	386	407	0	0	0	0	0
epi4599783/africa/south_africa/2025-06-30	1701	581	325	389	406	0	0	0	0	0
epi4452289/africa/south_africa/2025-05-19	1701	578	324	392	407	0	0	0	0	0
epi4452305/africa/south_africa/2025-05-16	1701	581	325	389	406	0	0	0	0	0
epi4452297/africa/south_africa/2025-05-16	1701	576	329	391	405	0	0	0	0	0
epi4452321/africa/south_africa/2025-05-19	1701	581	327	388	405	0	0	0	0	0
epi4452313/africa/south_africa/2025-05-16	1701	580	326	388	405	0	2	0	0	0
epi4452337/africa/south_africa/2025-05-15	1701	579	326	391	405	0	0	0	0	0
epi4452329/africa/south_africa/2025-05-19	1701	582	326	388	405	0	0	0	0	0
epi4452353/africa/south_africa/2025-05-18	1701	580	324	389	408	0	0	0	0	0
epi4452345/africa/south_africa/2025-05-17	1701	580	326	389	406	0	0	0	0	0
epi4452369/africa/south_africa/2025-05-20	1701	581	325	388	407	0	0	0	0	0
epi4452361/africa/south_africa/2025-05-20	1701	581	328	388	404	0	0	0	0	0
epi4452385/africa/south_africa/2025-05-20	1701	580	326	390	405	0	0	0	0	0
epi4452377/africa/south_africa/2025-05-19	1701	582	325	388	406	0	0	0	0	0
epi4452401/africa/south_africa/2025-05-19	1701	580	325	390	406	0	0	0	0	0
epi4452393/africa/south_africa/2025-05-20	1701	581	326	388	406	0	0	0	0	0
epi4452417/africa/south_africa/2025-05-21	1701	581	325	389	406	0	0	0	0	0
epi4452409/africa/south_africa/2025-05-20	1701	580	328	389	404	0	0	0	0	0
epi4452621/africa/south_africa/2025-05-28	1701	580	325	390	406	0	0	0	0	0
epi4452613/africa/south_africa/2025-05-27	1701	576	329	391	405	0	0	0	0	0
epi4452637/africa/south_africa/2025-05-28	1701	581	326	389	405	0	0	0	0	0
epi4452629/africa/south_africa/2025-05-27	1701	577	328	390	406	0	0	0	0	0
epi4452653/africa/south_africa/2025-05-29	1701	581	327	388	405	0	0	0	0	0
epi4452645/africa/south_africa/2025-05-28	1701	580	327	388	406	0	0	0	0	0
epi4452669/africa/south_africa/2025-05-29	1701	584	325	386	406	0	0	0	0	0
epi4452661/africa/south_africa/2025-05-29	1701	582	324	388	407	0	0	0	0	0
epi4452685/africa/south_africa/2025-05-29	1701	580	327	389	405	0	0	0	0	0
epi4452677/africa/south_africa/2025-05-20	1701	579	327	391	404	0	0	0	0	0
epi4452701/africa/south_africa/2025-05-30	1701	582	327	387	405	0	0	0	0	0
epi4452693/africa/south_africa/2025-05-29	1701	580	328	388	404	0	1	0	0	0
epi4452717/africa/south_africa/2025-05-28	1701	584	325	386	406	0	0	0	0	0
epi4452709/africa/south_africa/2025-05-30	1701	579	328	390	404	0	0	0	0	0
epi4452730/africa/south_africa/2025-05-30	1701	580	326	389	406	0	0	0	0	0
epi4452724/africa/south_africa/2025-06-02	1701	581	324	389	406	0	1	0	0	0
epi4452495/africa/south_africa/2025-05-23	1701	582	324	388	407	0	0	0	0	0
epi4452488/africa/south_africa/2025-05-23	1701	584	326	386	405	0	0	0	0	0
epi4452510/africa/south_africa/2025-05-26	1701	580	325	389	407	0	0	0	0	0
epi4452502/africa/south_africa/2025-05-23	1701	584	323	386	408	0	0	0	0	0
epi4452526/africa/south_africa/2025-05-22	1701	576	329	391	405	0	0	0	0	0
epi4452518/africa/south_africa/2025-05-26	1701	577	326	391	407	0	0	0	0	0
epi4452542/africa/south_africa/2025-05-26	1701	580	327	389	405	0	0	0	0	0
epi4452534/africa/south_africa/2025-05-23	1701	580	329	389	403	0	0	0	0	0
epi4452558/africa/south_africa/2025-05-26	1701	581	327	388	405	0	0	0	0	0
epi4452550/africa/south_africa/2025-05-26	1701	583	326	386	406	0	0	0	0	0
epi4452574/africa/south_africa/2025-05-23	1701	580	327	390	404	0	0	0	0	0
epi4452566/africa/south_africa/2025-05-26	1701	579	326	390	406	0	0	0	0	0
epi4452589/africa/south_africa/2025-05-26	1701	580	327	389	405	0	0	0	0	0
epi4452582/africa/south_africa/2025-05-26	1701	579	329	390	403	0	0	0	0	0
epi4452605/africa/south_africa/2025-05-28	1701	579	328	390	404	0	0	0	0	0
epi4452597/africa/south_africa/2025-05-27	1701	584	325	386	406	0	0	0	0	0
epi4452433/africa/south_africa/2025-05-21	1701	582	327	387	405	0	0	0	0	0
epi4452425/africa/south_africa/2025-05-19	1701	579	326	391	405	0	0	0	0	0
epi4452449/africa/south_africa/2025-05-19	1701	576	329	391	405	0	0	0	0	0
epi4452441/africa/south_africa/2025-05-21	1701	582	326	388	405	0	0	0	0	0
epi4452465/africa/south_africa/2025-05-21	1701	580	325	390	406	0	0	0	0	0
epi4452457/africa/south_africa/2025-05-21	1701	581	325	388	406	0	1	0	0	0
epi4452481/africa/south_africa/2025-05-21	1701	580	324	389	408	0	0	0	0	0
epi4452473/africa/south_africa/2025-05-20	1701	579	326	391	405	0	0	0	0	0
epi4453119/africa/south_africa/2025-06-10	1701	575	329	392	405	0	0	0	0	0
epi4453135/africa/south_africa/2025-06-06	1701	581	325	389	406	0	0	0	0	0
epi4453127/africa/south_africa/2025-06-11	1701	581	325	389	406	0	0	0	0	0
epi4453151/africa/south_africa/2025-06-11	1701	581	326	388	406	0	0	0	0	0
epi4453143/africa/south_africa/2025-06-10	1701	581	325	389	406	0	0	0	0	0
epi4453167/africa/south_africa/2025-06-13	1701	581	328	389	403	0	0	0	0	0
epi4453159/africa/south_africa/2025-06-11	1701	580	326	389	406	0	0	0	0	0
epi4453183/africa/south_africa/2025-06-13	1701	582	326	388	405	0	0	0	0	0
epi4453175/africa/south_africa/2025-06-13	1701	584	325	386	406	0	0	0	0	0
epi4453199/africa/south_africa/2025-06-13	1701	578	326	392	405	0	0	0	0	0
epi4453191/africa/south_africa/2025-06-13	1701	581	328	389	403	0	0	0	0	0
epi4453207/africa/south_africa/2025-06-13	1701	585	322	384	409	0	1	0	0	0
epi4452995/africa/south_africa/2025-06-06	1701	581	326	389	405	0	0	0	0	0
epi4452987/africa/south_africa/2025-06-06	1701	581	327	387	406	0	0	0	0	0
epi4453011/africa/south_africa/2025-06-07	1701	581	326	388	406	0	0	0	0	0
epi4453003/africa/south_africa/2025-06-06	1701	576	329	391	405	0	0	0	0	0
epi4453026/africa/south_africa/2025-06-06	1701	580	327	390	404	0	0	0	0	0
epi4453019/africa/south_africa/2025-06-09	1701	578	326	392	405	0	0	0	0	0
epi4453039/africa/south_africa/2025-06-09	1701	579	327	390	405	0	0	0	0	0
epi4453031/africa/south_africa/2025-06-05	1701	579	326	390	406	0	0	0	0	0
epi4453055/africa/south_africa/2025-06-09	1701	582	323	388	408	0	0	0	0	0
epi4453047/africa/south_africa/2025-06-09	1701	582	325	388	406	0	0	0	0	0
epi4453071/africa/south_africa/2025-06-10	1701	575	329	392	405	0	0	0	0	0
epi4453063/africa/south_africa/2025-06-09	1701	580	326	389	406	0	0	0	0	0
epi4453087/africa/south_africa/2025-06-11	1701	579	328	390	404	0	0	0	0	0
epi4453079/africa/south_africa/2025-06-11	1701	583	324	387	407	0	0	0	0	0
epi4453103/africa/south_africa/2025-06-06	1701	575	329	392	405	0	0	0	0	0
epi4453095/africa/south_africa/2025-06-11	1701	584	325	386	406	0	0	0	0	0
epi4452867/africa/south_africa/2025-06-04	1701	578	326	392	405	0	0	0	0	0
epi4452859/africa/south_africa/2025-06-04	1701	581	328	388	404	0	0	0	0	0
epi4452883/africa/south_africa/2025-06-03	1701	576	329	391	405	0	0	0	0	0
epi4452875/africa/south_africa/2025-06-03	1701	579	326	391	405	0	0	0	0	0
epi4452899/africa/south_africa/2025-06-04	1701	580	325	389	407	0	0	0	0	0
epi4452891/africa/south_africa/2025-06-03	1701	579	325	390	407	0	0	0	0	0
epi4452915/africa/south_africa/2025-06-02	1701	584	324	387	406	0	0	0	0	0
epi4452907/africa/south_africa/2025-06-03	1701	582	323	388	408	0	0	0	0	0
epi4452931/africa/south_africa/2025-06-03	1701	581	325	389	406	0	0	0	0	0
epi4452923/africa/south_africa/2025-06-02	1701	581	325	389	406	0	0	0	0	0
epi4452947/africa/south_africa/2025-06-02	1701	582	326	388	405	0	0	0	0	0
epi4452939/africa/south_africa/2025-06-03	1701	582	326	389	404	0	0	0	0	0
epi4452963/africa/south_africa/2025-06-05	1701	581	328	388	404	0	0	0	0	0
epi4452955/africa/south_africa/2025-06-05	1701	580	326	390	405	0	0	0	0	0
epi4452979/africa/south_africa/2025-06-05	1701	581	329	388	403	0	0	0	0	0
epi4452971/africa/south_africa/2025-06-05	1701	580	328	388	405	0	0	0	0	0
epi4452746/africa/south_africa/2025-06-02	1701	582	325	388	406	0	0	0	0	0
epi4452738/africa/south_africa/2025-05-30	1701	575	329	392	405	0	0	0	0	0
epi4452762/africa/south_africa/2025-05-31	1701	582	325	388	406	0	0	0	0	0
epi4452754/africa/south_africa/2025-05-31	1701	582	325	388	406	0	0	0	0	0
epi4452778/africa/south_africa/2025-06-02	1701	582	327	387	405	0	0	0	0	0
epi4452770/africa/south_africa/2025-06-02	1701	581	330	388	402	0	0	0	0	0
epi4452792/africa/south_africa/2025-06-02	1701	580	327	389	405	0	0	0	0	0
epi4452785/africa/south_africa/2025-06-02	1701	584	326	385	406	0	0	0	0	0
epi4452808/africa/south_africa/2025-05-30	1701	579	326	391	405	0	0	0	0	0
epi4452800/africa/south_africa/2025-06-03	1701	580	327	389	405	0	0	0	0	0
epi4452824/africa/south_africa/2025-06-03	1701	579	326	391	405	0	0	0	0	0
epi4452816/africa/south_africa/2025-06-02	1701	576	326	394	405	0	0	0	0	0
epi4452835/africa/south_africa/2025-06-03	1701	580	328	388	405	0	0	0	0	0
epi4452829/africa/south_africa/2025-06-03	1701	580	328	389	404	0	0	0	0	0
epi4452851/africa/south_africa/2025-06-04	1701	582	327	387	405	0	0	0	0	0
epi4452843/africa/south_africa/2025-06-03	1701	580	328	389	404	0	0	0	0	0
epi4451878/africa/south_africa/2025-05-29	1701	579	328	390	404	0	0	0	0	0
epi4451894/africa/south_africa/2025-06-09	1701	580	327	390	404	0	0	0	0	0
epi4451886/africa/south_africa/2025-06-05	1701	579	326	391	405	0	0	0	0	0
epi4451902/africa/south_africa/2025-06-13	1701	581	325	389	406	0	0	0	0	0
epi3352662/africa/south_africa/2023-07-03	1701	580	329	387	405	0	0	0	0	0
epi3352668/africa/south_africa/2023-07-04	1701	581	331	385	404	0	0	0	0	0
epi3352675/africa/south_africa/2023-07-03	1701	582	329	385	405	0	0	0	0	0
epi3352683/africa/south_africa/2023-07-04	1701	584	330	383	404	0	0	0	0	0
epi3352634/africa/south_africa/2023-06-06	1701	582	329	385	405	0	0	0	0	0
epi3352638/africa/south_africa/2023-06-06	1701	583	330	384	404	0	0	0	0	0
epi3352646/africa/south_africa/2023-06-08	1701	589	325	382	405	0	0	0	0	0
epi3352654/africa/south_africa/2023-06-19	1701	582	330	385	404	0	0	0	0	0
epi2610299/africa/south_africa/2023-04-28	1701	581	328	388	404	0	0	0	0	0
epi3352691/africa/south_africa/2023-07-04	1701	584	330	383	404	0	0	0	0	0
epi3352699/africa/south_africa/2023-07-04	1701	585	329	383	404	0	0	0	0	0
epi3352707/africa/south_africa/2023-07-04	1701	581	330	386	404	0	0	0	0	0
epi3352715/africa/south_africa/2023-08-07	1701	582	330	385	404	0	0	0	0	0
epi2610291/africa/south_africa/2023-04-28	1701	582	331	385	403	0	0	0	0	0
epi3352540/africa/south_africa/2023-04-18	1701	586	327	384	404	0	0	0	0	0
epi3352548/africa/south_africa/2023-04-20	1701	585	327	384	404	0	1	0	0	0
epi3352556/africa/south_africa/2023-04-24	1701	583	328	387	403	0	0	0	0	0
epi3352564/africa/south_africa/2023-04-26	1701	583	330	384	404	0	0	0	0	0
epi3352604/africa/south_africa/2023-05-24	1701	584	330	383	404	0	0	0	0	0
epi3352612/africa/south_africa/2023-05-23	1701	582	330	385	404	0	0	0	0	0
epi3352620/africa/south_africa/2023-06-06	1701	582	332	385	401	0	1	0	0	0
epi3352628/africa/south_africa/2023-06-07	1701	582	330	385	404	0	0	0	0	0
epi3352572/africa/south_africa/2023-05-07	1701	588	326	382	405	0	0	0	0	0
epi3352580/africa/south_africa/2023-05-08	1701	580	331	386	404	0	0	0	0	0
epi3352588/africa/south_africa/2023-05-16	1701	581	331	385	404	0	0	0	0	0
epi2610307/africa/south_africa/2023-05-02	1701	586	326	384	405	0	0	0	0	0
epi3352596/africa/south_africa/2023-05-22	1701	582	328	385	406	0	0	0	0	0
epi2610323/africa/south_africa/2023-05-03	1701	583	328	387	403	0	0	0	0	0
epi2610315/africa/south_africa/2023-05-03	1701	581	330	386	404	0	0	0	0	0
epi2610331/africa/south_africa/2023-05-03	1701	582	330	385	404	0	0	0	0	0
epi2610399/africa/south_africa/2023-05-04	657	229	109	164	155	0	0	0	0	0
epi2610405/africa/south_africa/2023-04-26	1701	583	326	386	406	0	0	0	0	0
epi2610416/africa/south_africa/2023-05-05	1701	586	326	384	405	0	0	0	0	0
epi2610424/africa/south_africa/2023-05-05	1701	583	330	384	404	0	0	0	0	0
epi2610412/africa/south_africa/2023-05-04	1701	582	330	385	404	0	0	0	0	0
epi2610339/africa/south_africa/2023-05-03	1701	582	330	386	403	0	0	0	0	0
epi2610439/africa/south_africa/2023-05-07	1701	583	328	386	404	0	0	0	0	0
epi2610352/africa/south_africa/2023-04-26	1701	586	326	384	405	0	0	0	0	0
epi2610431/africa/south_africa/2023-05-06	1701	583	331	384	403	0	0	0	0	0
epi2610346/africa/south_africa/2023-05-04	1701	582	332	385	402	0	0	0	0	0
epi2610466/africa/south_africa/2023-05-07	1701	583	330	384	404	0	0	0	0	0
epi2610460/africa/south_africa/2023-05-08	1701	583	330	384	404	0	0	0	0	0
epi2610360/africa/south_africa/2023-04-28	1701	584	326	385	406	0	0	0	0	0
epi2610482/africa/south_africa/2023-05-07	1701	583	330	384	404	0	0	0	0	0
epi2610474/africa/south_africa/2023-05-09	1701	582	330	385	404	0	0	0	0	0
epi2610498/africa/south_africa/2023-05-08	1701	582	330	385	404	0	0	0	0	0
epi2610490/africa/south_africa/2023-05-08	1701	581	329	386	405	0	0	0	0	0
epi2610512/africa/south_africa/2023-05-09	1701	582	331	385	403	0	0	0	0	0
epi2610504/africa/south_africa/2023-05-10	1701	591	331	378	401	0	0	0	0	0
epi2610528/africa/south_africa/2023-05-09	1701	584	327	387	403	0	0	0	0	0
epi2610520/africa/south_africa/2023-05-10	1701	581	330	385	405	0	0	0	0	0
epi2610542/africa/south_africa/2023-05-10	1701	582	329	385	405	0	0	0	0	0
epi2610536/africa/south_africa/2023-05-10	1701	583	330	385	403	0	0	0	0	0
epi2610558/africa/south_africa/2023-05-09	1701	582	329	385	405	0	0	0	0	0
epi2610550/africa/south_africa/2023-05-09	1701	582	329	385	405	0	0	0	0	0
epi2610572/africa/south_africa/2023-05-10	1701	580	330	387	404	0	0	0	0	0
epi2610565/africa/south_africa/2023-05-12	1701	582	329	385	405	0	0	0	0	0
epi2610447/africa/south_africa/2023-05-08	1701	587	332	382	400	0	0	0	0	0
epi2610455/africa/south_africa/2023-05-08	1701	581	330	386	404	0	0	0	0	0
epi2610684/africa/south_africa/2023-05-24	1701	583	330	384	404	0	0	0	0	0
epi2610585/africa/south_africa/2023-05-23	1701	583	330	384	404	0	0	0	0	0
epi2610578/africa/south_africa/2023-05-09	1701	582	330	385	404	0	0	0	0	0
epi2610598/africa/south_africa/2023-05-23	1701	583	330	384	404	0	0	0	0	0
epi2610592/africa/south_africa/2023-05-16	760	264	132	188	176	0	0	0	0	0
epi2610608/africa/south_africa/2023-05-23	1701	582	330	385	404	0	0	0	0	0
epi2610604/africa/south_africa/2023-05-22	1701	582	330	385	404	0	0	0	0	0
epi2610618/africa/south_africa/2023-05-23	1701	582	330	385	404	0	0	0	0	0
epi2610612/africa/south_africa/2023-05-23	1701	582	330	385	404	0	0	0	0	0
epi2610634/africa/south_africa/2023-05-23	1701	582	330	385	404	0	0	0	0	0
epi2610626/africa/south_africa/2023-05-23	1701	582	330	385	404	0	0	0	0	0
epi2610368/africa/south_africa/2023-05-03	1701	582	331	385	403	0	0	0	0	0
epi2610649/africa/south_africa/2023-05-24	1701	583	328	387	403	0	0	0	0	0
epi2610642/africa/south_africa/2023-05-23	1701	584	330	382	404	0	1	0	0	0
epi2610665/africa/south_africa/2023-05-23	1701	581	331	385	404	0	0	0	0	0
epi2610657/africa/south_africa/2023-05-23	1701	582	331	385	403	0	0	0	0	0
epi2610680/africa/south_africa/2023-05-24	1701	582	328	385	406	0	0	0	0	0
epi2610673/africa/south_africa/2023-05-23	1701	584	330	383	404	0	0	0	0	0
epi2610211/africa/south_africa/2023-04-19	1701	586	327	384	404	0	0	0	0	0
epi2610203/africa/south_africa/2023-04-19	1701	581	329	386	405	0	0	0	0	0
epi2610219/africa/south_africa/2023-04-19	1701	589	330	381	401	0	0	0	0	0
epi2610227/africa/south_africa/2023-04-18	1701	582	330	385	404	0	0	0	0	0
epi2610243/africa/south_africa/2023-04-20	1701	581	332	386	402	0	0	0	0	0
epi2610235/africa/south_africa/2023-04-19	1701	586	324	384	406	0	1	0	0	0
epi2610251/africa/south_africa/2023-04-21	1701	587	332	382	400	0	0	0	0	0
epi2610259/africa/south_africa/2023-04-24	1701	582	330	385	404	0	0	0	0	0
epi2610275/africa/south_africa/2023-04-24	1701	583	333	383	402	0	0	0	0	0
epi2610267/africa/south_africa/2023-04-24	1701	583	326	386	406	0	0	0	0	0
epi2610283/africa/south_africa/2023-04-24	1701	582	330	385	404	0	0	0	0	0
epi2610384/africa/south_africa/2023-04-28	1701	583	326	385	407	0	0	0	0	0
epi2610376/africa/south_africa/2023-05-04	1701	590	332	378	401	0	0	0	0	0
epi2610392/africa/south_africa/2023-05-03	1701	584	330	383	404	0	0	0	0	0
epi3629995/africa/south_africa/2024-09-06	1701	580	325	388	408	0	0	0	0	0
epi2312539/africa/south_africa/2022-06-21	1737	603	334	378	411	11	0	0	0	0
epi2312531/africa/south_africa/2022-06-20	1737	602	335	378	412	10	0	0	0	0
epi2689080/africa/south_africa/2023-06-05	1701	581	330	385	404	0	1	0	0	0
epi2689085/africa/south_africa/2023-05-26	1701	581	331	385	404	0	0	0	0	0
epi2689096/africa/south_africa/2023-06-02	1701	581	330	386	404	0	0	0	0	0
epi2689101/africa/south_africa/2023-05-30	1701	582	326	387	406	0	0	0	0	0
epi2689050/africa/south_africa/2023-06-02	1701	582	330	385	404	0	0	0	0	0
epi2689056/africa/south_africa/2023-06-02	1701	583	328	387	403	0	0	0	0	0
epi2689064/africa/south_africa/2023-06-05	1701	582	330	385	404	0	0	0	0	0
epi2689069/africa/south_africa/2023-05-30	1701	584	326	385	406	0	0	0	0	0
epi2689132/africa/south_africa/2023-05-29	1701	583	331	384	403	0	0	0	0	0
epi2689147/africa/south_africa/2023-06-06	1701	582	329	388	402	0	0	0	0	0
epi2689149/africa/south_africa/2023-05-30	1701	582	331	385	403	0	0	0	0	0
epi2689163/africa/south_africa/2023-06-05	1701	587	326	383	405	0	0	0	0	0
epi2689110/africa/south_africa/2023-06-02	1701	588	332	381	400	0	0	0	0	0
epi2689116/africa/south_africa/2023-05-30	1701	582	331	385	403	0	0	0	0	0
epi2689118/africa/south_africa/2023-06-05	1701	590	330	381	400	0	0	0	0	0
epi2689131/africa/south_africa/2023-06-02	1701	582	330	385	404	0	0	0	0	0
epi2688952/africa/south_africa/2023-05-30	1701	584	331	383	403	0	0	0	0	0
epi2688963/africa/south_africa/2023-05-29	1701	582	330	385	404	0	0	0	0	0
epi2688965/africa/south_africa/2023-06-03	1701	583	330	384	404	0	0	0	0	0
epi2688976/africa/south_africa/2023-05-30	1701	582	332	385	402	0	0	0	0	0
epi2688917/africa/south_africa/2023-06-05	1701	582	330	385	404	0	0	0	0	0
epi2688928/africa/south_africa/2023-05-31	1701	582	330	385	404	0	0	0	0	0
epi2688939/africa/south_africa/2023-05-30	1701	581	328	389	403	0	0	0	0	0
epi2688941/africa/south_africa/2023-06-02	1701	582	330	385	404	0	0	0	0	0
epi2689013/africa/south_africa/2023-06-02	1701	583	331	384	403	0	0	0	0	0
epi2689024/africa/south_africa/2023-05-29	1701	582	330	385	404	0	0	0	0	0
epi2689033/africa/south_africa/2023-06-05	1701	584	331	383	403	0	0	0	0	0
epi2689040/africa/south_africa/2023-05-29	1701	582	326	386	406	0	1	0	0	0
epi2688987/africa/south_africa/2023-05-30	1701	585	330	382	404	0	0	0	0	0
epi2688989/africa/south_africa/2023-06-02	1701	582	330	384	405	0	0	0	0	0
epi2689000/africa/south_africa/2023-05-30	1701	582	331	384	404	0	0	0	0	0
epi2689011/africa/south_africa/2023-05-30	1701	582	330	385	404	0	0	0	0	0
epi2689294/africa/south_africa/2023-06-03	1701	582	331	385	403	0	0	0	0	0
epi2689302/africa/south_africa/2023-06-01	1701	582	329	385	405	0	0	0	0	0
epi2689310/africa/south_africa/2023-06-06	1701	582	330	384	404	0	1	0	0	0
epi2689318/africa/south_africa/2023-06-01	1701	583	330	384	404	0	0	0	0	0
epi2689199/africa/south_africa/2023-06-05	1701	581	331	386	403	0	0	0	0	0
epi2689204/africa/south_africa/2023-06-02	1701	582	331	385	403	0	0	0	0	0
epi2689216/africa/south_africa/2023-06-05	1701	586	326	384	405	0	0	0	0	0
epi2689220/africa/south_africa/2023-06-01	1701	582	330	385	404	0	0	0	0	0
epi2689164/africa/south_africa/2023-05-30	1701	581	331	386	403	0	0	0	0	0
epi2689183/africa/south_africa/2023-06-05	1701	582	327	388	404	0	0	0	0	0
epi2689188/africa/south_africa/2023-05-26	1701	586	326	384	405	0	0	0	0	0
epi2689264/africa/south_africa/2023-02-06	1701	583	326	386	406	0	0	0	0	0
epi2689267/africa/south_africa/2023-06-01	1701	582	330	385	404	0	0	0	0	0
epi2689278/africa/south_africa/2023-06-06	1701	582	331	385	403	0	0	0	0	0
epi2689286/africa/south_africa/2023-06-06	1701	582	330	385	404	0	0	0	0	0
epi2689232/africa/south_africa/2023-06-05	1701	581	330	385	401	0	4	0	0	0
epi2689236/africa/south_africa/2023-05-31	1701	586	326	384	405	0	0	0	0	0
epi2689248/africa/south_africa/2023-06-02	1701	582	331	385	403	0	0	0	0	0
epi2689251/africa/south_africa/2023-05-30	1701	587	325	383	405	0	1	0	0	0
epi2159092/africa/south_africa/2022-06-07	1737	602	336	383	415	0	1	0	0	0
epi2159100/africa/south_africa/2022-05-23	1737	604	336	382	415	0	0	0	0	0
epi4246439/africa/south_africa/2025-03-13	1701	579	328	390	404	0	0	0	0	0
epi4246415/africa/south_africa/2025-03-05	1701	580	328	389	404	0	0	0	0	0
epi4246423/africa/south_africa/2025-03-06	1701	580	328	389	404	0	0	0	0	0
epi4246399/africa/south_africa/2025-02-24	1701	581	325	389	406	0	0	0	0	0
epi4246407/africa/south_africa/2025-03-05	1701	580	328	389	404	0	0	0	0	0
epi4246391/africa/south_africa/2025-02-13	1701	581	325	389	406	0	0	0	0	0
epi2159077/africa/south_africa/2022-05-30	1737	605	336	380	415	0	1	0	0	0
epi4246368/africa/south_africa/2025-01-28	1701	581	327	387	405	0	1	0	0	0
epi2159084/africa/south_africa/2022-06-09	1737	603	337	383	414	0	0	0	0	0
epi4246478/africa/south_africa/2025-03-26	1701	580	328	389	404	0	0	0	0	0
epi4246464/africa/south_africa/2025-03-24	1701	584	324	385	408	0	0	0	0	0
epi4246447/africa/south_africa/2025-03-14	1701	581	327	388	405	0	0	0	0	0
epi4246455/africa/south_africa/2025-03-17	1701	581	325	388	407	0	0	0	0	0
epi2159069/africa/south_africa/2022-06-06	1737	603	337	383	414	0	0	0	0	0
epi4246850/africa/south_africa/2025-03-24	1701	581	328	389	403	0	0	0	0	0
epi4246858/africa/south_africa/2025-03-24	1701	580	328	389	404	0	0	0	0	0
epi4246837/africa/south_africa/2025-02-28	1701	580	327	388	406	0	0	0	0	0
epi4246844/africa/south_africa/2025-03-20	1701	580	328	389	404	0	0	0	0	0
epi2687899/africa/south_africa/2023-05-17	1701	584	326	385	406	0	0	0	0	0
epi4246829/africa/south_africa/2025-02-19	1701	581	327	388	405	0	0	0	0	0
epi2687905/africa/south_africa/2023-05-19	1701	582	330	385	404	0	0	0	0	0
epi2687913/africa/south_africa/2023-05-19	1701	582	330	385	404	0	0	0	0	0
epi2687919/africa/south_africa/2023-05-18	1701	581	330	386	404	0	0	0	0	0
epi2687882/africa/south_africa/2023-05-10	1701	582	331	385	403	0	0	0	0	0
epi2687888/africa/south_africa/2023-05-16	1701	588	328	383	402	0	0	0	0	0
epi2687893/africa/south_africa/2023-05-12	1701	579	326	385	400	0	11	0	0	0
epi2159061/africa/south_africa/2022-06-02	1737	601	336	388	412	0	0	0	0	0
epi2688083/africa/south_africa/2023-05-25	1701	582	330	385	404	0	0	0	0	0
epi2688095/africa/south_africa/2023-05-29	1701	582	331	385	403	0	0	0	0	0
epi2688097/africa/south_africa/2023-05-19	1701	582	330	385	404	0	0	0	0	0
epi2688109/africa/south_africa/2023-05-25	1701	582	330	385	404	0	0	0	0	0
epi2688051/africa/south_africa/2023-05-25	1701	580	329	389	403	0	0	0	0	0
epi2688064/africa/south_africa/2023-05-26	1701	580	330	387	404	0	0	0	0	0
epi2688067/africa/south_africa/2023-05-24	1701	582	331	385	403	0	0	0	0	0
epi2688080/africa/south_africa/2023-05-01	1701	580	330	388	403	0	0	0	0	0
epi2688142/africa/south_africa/2023-05-25	1701	583	330	384	404	0	0	0	0	0
epi2688157/africa/south_africa/2023-05-25	1701	582	331	385	403	0	0	0	0	0
epi2688158/africa/south_africa/2023-05-22	1701	586	326	384	405	0	0	0	0	0
epi2688173/africa/south_africa/2023-05-29	1701	582	330	385	404	0	0	0	0	0
epi2688110/africa/south_africa/2023-05-29	1701	587	332	382	400	0	0	0	0	0
epi2688125/africa/south_africa/2023-05-24	1701	581	330	385	405	0	0	0	0	0
epi2688126/africa/south_africa/2023-05-29	1701	584	330	383	404	0	0	0	0	0
epi2688141/africa/south_africa/2023-05-25	1701	590	330	380	401	0	0	0	0	0
epi2687959/africa/south_africa/2023-05-22	1701	582	330	385	404	0	0	0	0	0
epi2687967/africa/south_africa/2023-05-22	1701	582	331	385	403	0	0	0	0	0
epi2687975/africa/south_africa/2023-05-22	1701	582	330	385	404	0	0	0	0	0
epi2687983/africa/south_africa/2023-05-22	1701	582	329	385	405	0	0	0	0	0
epi2687927/africa/south_africa/2023-05-19	1701	587	325	382	405	0	2	0	0	0
epi2687935/africa/south_africa/2023-05-18	1701	582	330	385	404	0	0	0	0	0
epi2687943/africa/south_africa/2023-05-19	1701	584	329	384	404	0	0	0	0	0
epi2687951/africa/south_africa/2023-05-19	1701	581	327	385	404	0	4	0	0	0
epi2688023/africa/south_africa/2023-05-22	1701	586	327	384	404	0	0	0	0	0
epi2688031/africa/south_africa/2023-05-26	1701	583	332	384	402	0	0	0	0	0
epi2688039/africa/south_africa/2023-05-24	1701	583	331	385	402	0	0	0	0	0
epi2688048/africa/south_africa/2023-05-26	1701	584	330	384	403	0	0	0	0	0
epi2687991/africa/south_africa/2023-05-22	1701	584	330	383	404	0	0	0	0	0
epi2687999/africa/south_africa/2023-05-26	1701	583	329	387	402	0	0	0	0	0
epi2688007/africa/south_africa/2023-05-22	1701	581	332	386	402	0	0	0	0	0
epi2688015/africa/south_africa/2023-05-29	1701	583	330	384	404	0	0	0	0	0
epi2688323/africa/south_africa/2023-05-30	1701	582	331	385	403	0	0	0	0	0
epi2688335/africa/south_africa/2023-05-25	1701	584	330	383	404	0	0	0	0	0
epi2688346/africa/south_africa/2023-05-29	1701	581	331	385	404	0	0	0	0	0
epi2688347/africa/south_africa/2023-06-01	1701	582	329	384	405	0	1	0	0	0
epi2688298/africa/south_africa/2023-05-29	1701	583	330	384	404	0	0	0	0	0
epi2688303/africa/south_africa/2023-05-29	1701	582	328	388	403	0	0	0	0	0
epi2688314/africa/south_africa/2023-05-25	1701	582	330	385	404	0	0	0	0	0
epi2688322/africa/south_africa/2023-05-29	1701	582	330	385	404	0	0	0	0	0
epi2688389/africa/south_africa/2023-05-30	1701	583	331	384	403	0	0	0	0	0
epi2688393/africa/south_africa/2023-05-29	1701	583	330	384	404	0	0	0	0	0
epi2688407/africa/south_africa/2023-05-25	1701	582	332	383	403	0	1	0	0	0
epi2688411/africa/south_africa/2023-05-31	1701	582	330	385	404	0	0	0	0	0
epi2688360/africa/south_africa/2023-05-25	1701	583	329	385	404	0	0	0	0	0
epi2688368/africa/south_africa/2023-05-31	1701	582	330	385	404	0	0	0	0	0
epi2688371/africa/south_africa/2023-05-29	1701	582	331	384	403	0	1	0	0	0
epi2688384/africa/south_africa/2023-05-24	1701	586	326	384	405	0	0	0	0	0
epi2688206/africa/south_africa/2023-05-29	1701	584	330	383	404	0	0	0	0	0
epi2688219/africa/south_africa/2023-05-23	1701	584	327	385	405	0	0	0	0	0
epi2688221/africa/south_africa/2023-05-30	1701	582	331	384	404	0	0	0	0	0
epi2688232/africa/south_africa/2023-05-29	1701	583	329	385	404	0	0	0	0	0
epi2688174/africa/south_africa/2023-05-24	1701	582	329	385	405	0	0	0	0	0
epi2688189/africa/south_africa/2023-05-23	1701	583	331	385	402	0	0	0	0	0
epi2688190/africa/south_africa/2023-05-29	1701	583	329	385	404	0	0	0	0	0
epi2688205/africa/south_africa/2023-05-24	1701	590	333	378	400	0	0	0	0	0
epi2688271/africa/south_africa/2023-05-23	1701	583	331	384	403	0	0	0	0	0
epi2688274/africa/south_africa/2023-05-29	1701	582	329	385	405	0	0	0	0	0
epi2688279/africa/south_africa/2023-05-30	1701	582	330	385	404	0	0	0	0	0
epi2688290/africa/south_africa/2023-05-23	1701	582	331	385	403	0	0	0	0	0
epi2688234/africa/south_africa/2023-05-25	1701	581	331	385	404	0	0	0	0	0
epi2688249/africa/south_africa/2023-05-24	1701	582	330	385	403	0	1	0	0	0
epi2688250/africa/south_africa/2023-05-29	1701	582	330	386	403	0	0	0	0	0
epi2688255/africa/south_africa/2023-05-30	1701	588	332	381	400	0	0	0	0	0
epi2688581/africa/south_africa/2023-05-30	1701	582	331	385	403	0	0	0	0	0
epi2688584/africa/south_africa/2023-05-30	1701	583	330	384	404	0	0	0	0	0
epi2159053/africa/south_africa/2022-06-07	1737	606	337	381	413	0	0	0	0	0
epi2688595/africa/south_africa/2023-05-26	1701	585	326	385	405	0	0	0	0	0
epi2688602/africa/south_africa/2023-06-02	1701	586	326	384	405	0	0	0	0	0
epi2688545/africa/south_africa/2023-05-25	1701	574	323	375	393	0	36	0	0	0
epi2688557/africa/south_africa/2023-05-30	1701	582	330	385	404	0	0	0	0	0
epi2688560/africa/south_africa/2023-05-30	1701	584	330	383	404	0	0	0	0	0
epi2688570/africa/south_africa/2023-05-26	1701	582	330	384	404	0	1	0	0	0
epi2688642/africa/south_africa/2023-06-01	1701	582	330	385	404	0	0	0	0	0
epi2688646/africa/south_africa/2023-05-30	1701	583	330	384	404	0	0	0	0	0
epi2688661/africa/south_africa/2023-06-01	1701	582	331	385	403	0	0	0	0	0
epi2688666/africa/south_africa/2023-06-01	1701	582	328	385	406	0	0	0	0	0
epi2688610/africa/south_africa/2023-05-30	1701	584	330	386	401	0	0	0	0	0
epi2688616/africa/south_africa/2023-05-30	1701	581	330	385	405	0	0	0	0	0
epi2688627/africa/south_africa/2023-05-25	1701	583	331	384	403	0	0	0	0	0
epi2688634/africa/south_africa/2023-05-30	1701	583	331	384	403	0	0	0	0	0
epi2688454/africa/south_africa/2023-05-26	1701	582	330	385	404	0	0	0	0	0
epi2688460/africa/south_africa/2023-05-25	1701	582	330	385	404	0	0	0	0	0
epi2688463/africa/south_africa/2023-05-30	1701	583	328	387	403	0	0	0	0	0
epi2688477/africa/south_africa/2023-05-25	1701	582	330	385	404	0	0	0	0	0
epi2688414/africa/south_africa/2023-05-29	1701	582	332	385	402	0	0	0	0	0
epi2688431/africa/south_africa/2023-05-25	1701	584	330	383	404	0	0	0	0	0
epi2688435/africa/south_africa/2023-05-30	1701	582	331	385	403	0	0	0	0	0
epi2688438/africa/south_africa/2023-05-29	1701	581	331	386	403	0	0	0	0	0
epi2688511/africa/south_africa/2023-05-29	1701	583	331	384	403	0	0	0	0	0
epi2688522/africa/south_africa/2023-05-23	1701	582	330	385	404	0	0	0	0	0
epi2688533/africa/south_africa/2023-06-01	1701	583	331	384	403	0	0	0	0	0
epi2688536/africa/south_africa/2023-05-29	1701	588	331	382	400	0	0	0	0	0
epi2688485/africa/south_africa/2023-05-30	1701	581	332	386	402	0	0	0	0	0
epi2688487/africa/south_africa/2023-05-29	1701	583	330	384	404	0	0	0	0	0
epi2688498/africa/south_africa/2023-05-25	1701	583	330	384	404	0	0	0	0	0
epi2688509/africa/south_africa/2023-06-01	1701	586	331	383	401	0	0	0	0	0
epi2688824/africa/south_africa/2023-06-01	1701	582	328	388	403	0	0	0	0	0
epi2688835/africa/south_africa/2023-05-31	1701	583	328	387	403	0	0	0	0	0
epi2688846/africa/south_africa/2023-06-02	1701	582	328	388	403	0	0	0	0	0
epi2688845/africa/south_africa/2023-05-30	1701	581	330	386	404	0	0	0	0	0
epi2688801/africa/south_africa/2023-05-30	1701	581	332	385	403	0	0	0	0	0
epi2688804/africa/south_africa/2023-06-02	1701	582	330	384	405	0	0	0	0	0
epi2688809/africa/south_africa/2023-05-30	1701	581	331	385	404	0	0	0	0	0
epi2688825/africa/south_africa/2023-05-31	1701	582	329	385	405	0	0	0	0	0
epi2688891/africa/south_africa/2023-05-30	1701	589	326	382	404	0	0	0	0	0
epi2688893/africa/south_africa/2023-06-01	1701	582	328	388	403	0	0	0	0	0
epi2688904/africa/south_africa/2023-05-31	1701	582	330	385	404	0	0	0	0	0
epi2688915/africa/south_africa/2023-05-30	1701	586	326	384	405	0	0	0	0	0
epi2688859/africa/south_africa/2023-05-31	1701	588	332	380	401	0	0	0	0	0
epi2688870/africa/south_africa/2023-05-31	1701	583	330	384	404	0	0	0	0	0
epi2688868/africa/south_africa/2023-06-01	1701	582	328	388	403	0	0	0	0	0
epi2688884/africa/south_africa/2023-05-31	1701	580	329	387	405	0	0	0	0	0
epi2688708/africa/south_africa/2023-06-01	1701	582	330	385	404	0	0	0	0	0
epi2688710/africa/south_africa/2023-05-29	1701	582	329	386	404	0	0	0	0	0
epi2688713/africa/south_africa/2023-05-31	1701	582	330	385	404	0	0	0	0	0
epi2159045/africa/south_africa/2022-06-06	1737	603	337	383	414	0	0	0	0	0
epi2688729/africa/south_africa/2023-05-30	1701	582	330	385	404	0	0	0	0	0
epi2688670/africa/south_africa/2023-05-29	1701	583	330	384	404	0	0	0	0	0
epi2688685/africa/south_africa/2023-06-01	1701	587	327	383	404	0	0	0	0	0
epi2688689/africa/south_africa/2023-06-01	1701	583	330	384	404	0	0	0	0	0
epi2688692/africa/south_africa/2023-05-29	1701	583	329	384	405	0	0	0	0	0
epi2688761/africa/south_africa/2023-05-30	1701	582	330	385	404	0	0	0	0	0
epi2688777/africa/south_africa/2023-05-29	1701	582	330	385	404	0	0	0	0	0
epi2688780/africa/south_africa/2023-05-30	1701	583	328	387	403	0	0	0	0	0
epi2688785/africa/south_africa/2023-05-30	1701	583	331	384	403	0	0	0	0	0
epi2688732/africa/south_africa/2023-06-01	1701	584	330	383	404	0	0	0	0	0
epi2688737/africa/south_africa/2023-06-01	1701	581	330	386	404	0	0	0	0	0
epi2688753/africa/south_africa/2023-05-29	1701	582	330	385	404	0	0	0	0	0
epi2688756/africa/south_africa/2023-06-01	1701	587	333	382	399	0	0	0	0	0
epi2543006/africa/south_africa/2022-07-05	1737	602	335	383	411	6	0	0	0	0
epi2159123/africa/south_africa/2022-06-03	1737	604	337	382	414	0	0	0	0	0
epi2159131/africa/south_africa/2022-05-23	1737	604	337	382	414	0	0	0	0	0
epi2159108/africa/south_africa/2022-05-31	1737	602	336	388	411	0	0	0	0	0
epi2159116/africa/south_africa/2022-06-10	1737	603	336	383	415	0	0	0	0	0
epi2536801/africa/south_africa/2022-03-22	1701	589	330	378	404	0	0	0	0	0
epi2773836/africa/south_africa/2022-03-22	1701	589	330	378	404	0	0	0	0	0
epi2773901/africa/south_africa/2023-05-22	1701	582	329	385	405	0	0	0	0	0
epi2773909/africa/south_africa/2023-05-22	1701	583	329	384	405	0	0	0	0	0
epi2773886/africa/south_africa/2023-05-15	1701	583	330	384	404	0	0	0	0	0
epi2773894/africa/south_africa/2023-05-22	1701	582	330	385	404	0	0	0	0	0
epi2773872/africa/south_africa/2023-05-22	1701	582	330	385	404	0	0	0	0	0
epi2774089/africa/south_africa/2023-06-09	1701	582	330	385	404	0	0	0	0	0
epi2774099/africa/south_africa/2023-06-07	1701	582	330	385	404	0	0	0	0	0
epi2774101/africa/south_africa/2023-06-06	1701	582	331	385	403	0	0	0	0	0
epi2774114/africa/south_africa/2023-06-07	1701	582	329	385	405	0	0	0	0	0
epi2774115/africa/south_africa/2023-06-05	1701	584	332	384	401	0	0	0	0	0
epi2774127/africa/south_africa/2023-06-05	1701	583	331	384	403	0	0	0	0	0
epi2774130/africa/south_africa/2023-06-07	1701	582	331	385	403	0	0	0	0	0
epi2774032/africa/south_africa/2023-06-08	1701	582	330	385	404	0	0	0	0	0
epi2774041/africa/south_africa/2023-06-06	1701	583	331	384	403	0	0	0	0	0
epi2774046/africa/south_africa/2023-06-09	1701	581	330	386	404	0	0	0	0	0
epi2774056/africa/south_africa/2023-06-07	1701	582	330	385	404	0	0	0	0	0
epi2774058/africa/south_africa/2023-06-08	1701	581	330	386	404	0	0	0	0	0
epi2774071/africa/south_africa/2023-06-07	1701	582	328	388	403	0	0	0	0	0
epi2774074/africa/south_africa/2023-06-09	1701	583	329	385	404	0	0	0	0	0
epi2773972/africa/south_africa/2023-06-08	1701	582	330	385	404	0	0	0	0	0
epi2773974/africa/south_africa/2023-05-19	1701	582	329	385	405	0	0	0	0	0
epi2773988/africa/south_africa/2023-06-09	1701	588	328	383	402	0	0	0	0	0
epi2773990/africa/south_africa/2023-05-21	1701	584	328	386	403	0	0	0	0	0
epi2774003/africa/south_africa/2023-06-09	1701	582	330	385	404	0	0	0	0	0
epi2774017/africa/south_africa/2023-06-08	1701	582	329	385	404	0	1	0	0	0
epi2774025/africa/south_africa/2023-06-06	1701	583	329	385	404	0	0	0	0	0
epi2773917/africa/south_africa/2023-05-22	1701	583	328	387	403	0	0	0	0	0
epi2773923/africa/south_africa/2023-05-22	1701	583	330	384	404	0	0	0	0	0
epi2773931/africa/south_africa/2023-05-20	1701	584	327	385	404	0	1	0	0	0
epi2773941/africa/south_africa/2023-06-08	1701	582	330	385	404	0	0	0	0	0
epi2773944/africa/south_africa/2023-05-23	1701	584	329	383	405	0	0	0	0	0
epi2773957/africa/south_africa/2023-06-08	1701	581	330	386	404	0	0	0	0	0
epi2773960/africa/south_africa/2023-05-22	1701	582	331	385	403	0	0	0	0	0
epi2774252/africa/south_africa/2023-06-12	1701	584	327	385	405	0	0	0	0	0
epi2774255/africa/south_africa/2023-06-07	1701	582	331	384	404	0	0	0	0	0
epi2774268/africa/south_africa/2023-06-12	1701	584	327	385	405	0	0	0	0	0
epi2774271/africa/south_africa/2023-06-07	1701	582	329	385	405	0	0	0	0	0
epi2774281/africa/south_africa/2023-06-13	1701	584	331	383	403	0	0	0	0	0
epi2774288/africa/south_africa/2023-06-08	1701	582	329	385	405	0	0	0	0	0
epi2774295/africa/south_africa/2023-06-12	1701	586	326	384	405	0	0	0	0	0
epi2774304/africa/south_africa/2023-06-05	1701	582	331	385	403	0	0	0	0	0
epi2774236/africa/south_africa/2023-06-12	1701	581	331	385	404	0	0	0	0	0
epi2774238/africa/south_africa/2023-06-08	1701	582	330	385	404	0	0	0	0	0
epi2774204/africa/south_africa/2023-06-09	1701	582	331	384	404	0	0	0	0	0
epi2774206/africa/south_africa/2023-06-06	1701	580	328	386	406	0	1	0	0	0
epi2774220/africa/south_africa/2023-06-13	1701	583	330	384	404	0	0	0	0	0
epi2774222/africa/south_africa/2023-06-07	1701	582	329	385	405	0	0	0	0	0
epi2774143/africa/south_africa/2023-06-12	1701	582	330	385	404	0	0	0	0	0
epi2774147/africa/south_africa/2023-06-07	1701	582	332	384	403	0	0	0	0	0
epi2774157/africa/south_africa/2023-06-07	1701	582	330	385	404	0	0	0	0	0
epi2774164/africa/south_africa/2023-06-07	1701	582	331	384	403	0	1	0	0	0
epi2774173/africa/south_africa/2023-06-11	1701	582	328	388	403	0	0	0	0	0
epi2774176/africa/south_africa/2023-06-06	1701	581	330	386	404	0	0	0	0	0
epi2774188/africa/south_africa/2023-06-09	1701	582	330	385	404	0	0	0	0	0
epi2774190/africa/south_africa/2023-06-07	1701	582	331	384	404	0	0	0	0	0
epi2774417/africa/south_africa/2021-11-05	1701	577	329	380	415	0	0	0	0	0
epi2774404/africa/south_africa/2021-11-02	1701	577	329	380	415	0	0	0	0	0
epi2774319/africa/south_africa/2023-06-05	1701	581	331	386	403	0	0	0	0	0
epi2774333/africa/south_africa/2023-06-07	1701	582	330	385	404	0	0	0	0	0
epi2192352/africa/south_africa/2022-05-30	1737	603	337	383	414	0	0	0	0	0
epi3293081/africa/south_africa/2024-03-28	135	31	23	33	48	0	0	0	0	0
epi2653019/africa/south_africa/2023-05-16	1701	581	330	385	405	0	0	0	0	0
epi2653010/africa/south_africa/2023-05-12	1701	583	326	386	406	0	0	0	0	0
epi2653046/africa/south_africa/2023-05-16	1701	584	326	385	406	0	0	0	0	0
epi2653035/africa/south_africa/2023-05-18	1701	584	326	385	406	0	0	0	0	0
epi2653027/africa/south_africa/2023-05-18	1701	589	333	378	401	0	0	0	0	0
epi2653074/africa/south_africa/2023-05-16	1701	583	326	386	406	0	0	0	0	0
epi2653062/africa/south_africa/2023-05-18	1701	583	330	384	404	0	0	0	0	0
epi2653104/africa/south_africa/2023-05-19	1701	583	329	385	404	0	0	0	0	0
epi2653099/africa/south_africa/2023-05-18	1701	586	330	383	402	0	0	0	0	0
epi2653093/africa/south_africa/2023-05-18	1701	580	330	387	404	0	0	0	0	0
epi2653084/africa/south_africa/2023-05-16	1701	581	331	385	404	0	0	0	0	0
epi2653132/africa/south_africa/2023-05-16	1701	591	331	378	401	0	0	0	0	0
epi2653126/africa/south_africa/2023-05-18	1701	587	332	382	400	0	0	0	0	0
epi2653118/africa/south_africa/2023-05-18	1701	582	330	385	404	0	0	0	0	0
epi2653112/africa/south_africa/2023-05-19	1701	583	327	387	404	0	0	0	0	0
epi2653164/africa/south_africa/2023-05-19	1701	582	329	385	405	0	0	0	0	0
epi2653156/africa/south_africa/2023-05-19	1701	580	326	384	400	0	11	0	0	0
epi2653147/africa/south_africa/2023-05-16	1701	589	332	379	401	0	0	0	0	0
epi2653140/africa/south_africa/2023-05-18	1701	584	331	383	403	0	0	0	0	0
epi2653180/africa/south_africa/2023-05-19	1701	582	330	385	404	0	0	0	0	0
epi2653173/africa/south_africa/2023-05-18	1701	583	330	384	404	0	0	0	0	0
epi4316028/africa/south_africa/2025-04-03	1701	580	326	388	407	0	0	0	0	0
epi4316020/africa/south_africa/2025-04-03	1701	580	325	390	406	0	0	0	0	0
epi4316012/africa/south_africa/2025-04-02	1701	581	327	388	405	0	0	0	0	0
epi4316004/africa/south_africa/2025-04-03	1701	580	327	389	405	0	0	0	0	0
epi4315996/africa/south_africa/2025-04-02	1701	580	326	389	406	0	0	0	0	0
epi4315989/africa/south_africa/2025-04-03	1701	581	325	389	406	0	0	0	0	0
epi4315981/africa/south_africa/2025-04-02	1701	582	325	387	407	0	0	0	0	0
epi4315974/africa/south_africa/2025-04-01	1701	580	326	389	406	0	0	0	0	0
epi4315966/africa/south_africa/2025-04-02	1701	580	328	389	404	0	0	0	0	0
epi4315958/africa/south_africa/2025-04-01	1701	579	328	390	404	0	0	0	0	0
epi4315952/africa/south_africa/2025-04-01	1701	580	329	389	403	0	0	0	0	0
epi4315945/africa/south_africa/2025-03-31	1701	580	328	389	404	0	0	0	0	0
epi4315937/africa/south_africa/2025-03-27	1701	581	325	389	406	0	0	0	0	0
epi4315929/africa/south_africa/2025-03-28	1701	580	324	390	407	0	0	0	0	0
epi4315921/africa/south_africa/2025-03-27	1701	584	326	386	405	0	0	0	0	0
epi4315913/africa/south_africa/2025-03-27	1701	581	325	388	407	0	0	0	0	0
epi4316153/africa/south_africa/2025-04-08	1701	579	324	389	409	0	0	0	0	0
epi4316145/africa/south_africa/2025-04-10	1701	581	325	389	406	0	0	0	0	0
epi4316137/africa/south_africa/2025-04-10	1701	583	328	387	402	0	1	0	0	0
epi4316124/africa/south_africa/2025-04-10	1701	580	324	388	409	0	0	0	0	0
epi4316116/africa/south_africa/2025-04-10	1701	581	325	389	406	0	0	0	0	0
epi4316108/africa/south_africa/2025-04-10	1701	580	328	389	404	0	0	0	0	0
epi4316100/africa/south_africa/2025-04-09	1701	581	325	388	407	0	0	0	0	0
epi4316092/africa/south_africa/2025-04-08	1701	581	325	389	406	0	0	0	0	0
epi4316084/africa/south_africa/2025-04-07	1701	582	326	386	406	0	1	0	0	0
epi4316076/africa/south_africa/2025-04-07	1701	582	326	387	406	0	0	0	0	0
epi4316068/africa/south_africa/2025-04-04	1701	579	326	389	407	0	0	0	0	0
epi4316060/africa/south_africa/2025-04-08	1701	582	326	387	406	0	0	0	0	0
epi4316052/africa/south_africa/2025-04-08	1701	583	324	387	407	0	0	0	0	0
epi4316044/africa/south_africa/2025-04-09	1701	578	326	392	405	0	0	0	0	0
epi4316036/africa/south_africa/2025-04-09	1701	578	326	392	405	0	0	0	0	0
epi3293044/africa/south_africa/2024-03-15	1701	580	327	388	406	0	0	0	0	0
epi4409078/africa/south_africa/2025-05-08	1701	581	328	388	404	0	0	0	0	0
epi4409070/africa/south_africa/2025-05-08	1701	580	327	389	405	0	0	0	0	0
epi4409062/africa/south_africa/2025-05-08	1701	580	327	389	405	0	0	0	0	0
epi4409054/africa/south_africa/2025-05-07	1701	581	324	389	407	0	0	0	0	0
epi4409046/africa/south_africa/2025-05-07	1701	582	325	388	406	0	0	0	0	0
epi4409038/africa/south_africa/2025-05-07	1701	580	326	389	406	0	0	0	0	0
epi4409030/africa/south_africa/2025-05-07	1701	576	329	390	405	0	1	0	0	0
epi4409022/africa/south_africa/2025-05-07	1701	585	326	385	405	0	0	0	0	0
epi4409014/africa/south_africa/2025-05-06	1701	579	325	390	407	0	0	0	0	0
epi4409006/africa/south_africa/2025-05-07	1701	576	329	391	405	0	0	0	0	0
epi4408998/africa/south_africa/2025-05-07	1701	585	326	385	405	0	0	0	0	0
epi4408990/africa/south_africa/2025-05-07	1701	580	325	389	406	0	1	0	0	0
epi4408982/africa/south_africa/2025-05-08	1701	581	326	389	405	0	0	0	0	0
epi4408974/africa/south_africa/2025-05-08	1701	584	324	386	407	0	0	0	0	0
epi4408967/africa/south_africa/2025-05-08	1701	580	327	389	405	0	0	0	0	0
epi4408960/africa/south_africa/2025-05-08	1701	581	328	388	404	0	0	0	0	0
epi4409206/africa/south_africa/2025-05-14	1701	581	325	389	406	0	0	0	0	0
epi4409198/africa/south_africa/2025-05-14	1701	581	327	389	404	0	0	0	0	0
epi4409190/africa/south_africa/2025-05-14	1701	580	326	389	406	0	0	0	0	0
epi4409182/africa/south_africa/2025-05-13	1701	584	324	386	407	0	0	0	0	0
epi4409174/africa/south_africa/2025-05-13	1701	581	327	389	404	0	0	0	0	0
epi4409166/africa/south_africa/2025-05-13	1701	584	326	386	405	0	0	0	0	0
epi4409158/africa/south_africa/2025-05-12	1701	579	328	390	404	0	0	0	0	0
epi4409150/africa/south_africa/2025-05-13	1701	578	327	391	405	0	0	0	0	0
epi4409142/africa/south_africa/2025-05-12	1701	581	323	389	408	0	0	0	0	0
epi4409134/africa/south_africa/2025-05-12	1701	576	330	391	404	0	0	0	0	0
epi4409126/africa/south_africa/2025-05-12	1701	581	325	389	406	0	0	0	0	0
epi4409118/africa/south_africa/2025-05-12	1701	580	325	390	406	0	0	0	0	0
epi4409110/africa/south_africa/2025-05-07	1701	580	328	389	404	0	0	0	0	0
epi4409102/africa/south_africa/2025-05-08	1701	584	325	386	406	0	0	0	0	0
epi4409094/africa/south_africa/2025-05-09	1701	580	326	389	406	0	0	0	0	0
epi4409086/africa/south_africa/2025-05-08	1701	580	329	389	403	0	0	0	0	0
epi4408952/africa/south_africa/2025-05-06	1701	580	328	389	404	0	0	0	0	0
epi4408944/africa/south_africa/2025-05-06	1701	580	329	389	403	0	0	0	0	0
epi4408936/africa/south_africa/2025-05-06	1701	581	328	388	404	0	0	0	0	0
epi2732404/africa/south_africa/2023-05-09	1737	604	339	383	411	0	0	0	0	0
epi2732412/africa/south_africa/2023-06-06	1737	598	336	387	415	0	1	0	0	0
epi2732388/africa/south_africa/2023-06-13	1737	596	336	389	415	0	1	0	0	0
epi2732396/africa/south_africa/2023-05-02	1737	599	334	390	414	0	0	0	0	0
epi2732372/africa/south_africa/2023-05-05	1737	601	335	389	412	0	0	0	0	0
epi2732380/africa/south_africa/2023-07-05	1737	597	336	389	415	0	0	0	0	0
epi2732356/africa/south_africa/2023-05-12	1737	604	338	383	412	0	0	0	0	0
epi2732364/africa/south_africa/2023-06-15	1737	596	337	389	415	0	0	0	0	0
epi2732467/africa/south_africa/2023-05-05	1737	597	337	389	414	0	0	0	0	0
epi2732475/africa/south_africa/2023-05-19	1737	596	336	390	415	0	0	0	0	0
epi2732451/africa/south_africa/2023-06-27	1737	599	332	389	417	0	0	0	0	0
epi2732459/africa/south_africa/2023-05-23	1737	599	333	389	416	0	0	0	0	0
epi2732435/africa/south_africa/2023-05-29	1737	596	336	390	415	0	0	0	0	0
epi2732443/africa/south_africa/2023-05-04	1737	597	337	389	414	0	0	0	0	0
epi2732420/africa/south_africa/2023-07-03	1737	598	336	388	415	0	0	0	0	0
epi2732427/africa/south_africa/2023-06-30	1737	597	334	392	414	0	0	0	0	0
epi2732340/africa/south_africa/2023-05-08	1737	596	333	389	416	0	3	0	0	0
epi2732348/africa/south_africa/2023-06-21	1737	598	335	388	416	0	0	0	0	0
epi2732324/africa/south_africa/2023-05-29	1737	596	337	389	415	0	0	0	0	0
epi2732332/africa/south_africa/2023-05-11	1737	597	339	389	412	0	0	0	0	0
epi2732308/africa/south_africa/2023-07-02	1737	596	337	390	414	0	0	0	0	0
epi2732316/africa/south_africa/2023-05-11	1737	599	336	390	412	0	0	0	0	0
epi2732300/africa/south_africa/2023-05-09	1737	598	332	390	417	0	0	0	0	0
epi2732622/africa/south_africa/2023-06-29	1737	597	337	389	414	0	0	0	0	0
epi4409278/africa/south_africa/2025-05-12	1701	582	324	389	406	0	0	0	0	0
epi2732614/africa/south_africa/2023-06-26	1737	596	334	391	414	0	2	0	0	0
epi4409270/africa/south_africa/2025-05-14	1701	575	329	392	405	0	0	0	0	0
epi4409262/africa/south_africa/2025-05-14	1701	582	325	388	406	0	0	0	0	0
epi4409254/africa/south_africa/2025-05-13	1701	576	329	391	405	0	0	0	0	0
epi4409246/africa/south_africa/2025-05-08	1701	581	325	388	407	0	0	0	0	0
epi4409238/africa/south_africa/2025-05-14	1701	582	327	387	405	0	0	0	0	0
epi4409230/africa/south_africa/2025-05-12	1701	582	324	388	407	0	0	0	0	0
epi4409222/africa/south_africa/2025-05-09	1701	581	325	388	407	0	0	0	0	0
epi4409214/africa/south_africa/2025-05-13	1701	583	326	387	405	0	0	0	0	0
epi2732531/africa/south_africa/2023-05-25	1737	599	332	389	417	0	0	0	0	0
epi2732539/africa/south_africa/2023-04-28	1737	598	332	390	417	0	0	0	0	0
epi2732515/africa/south_africa/2023-07-07	1737	597	335	389	416	0	0	0	0	0
epi2732523/africa/south_africa/2023-03-16	1737	595	336	391	415	0	0	0	0	0
epi2732499/africa/south_africa/2023-06-09	1737	598	332	390	417	0	0	0	0	0
epi2732507/africa/south_africa/2023-05-08	1737	597	336	389	415	0	0	0	0	0
epi2732483/africa/south_africa/2023-04-26	1737	598	332	390	417	0	0	0	0	0
epi2732491/africa/south_africa/2023-06-23	1737	599	336	388	414	0	0	0	0	0
epi2732595/africa/south_africa/2023-05-12	1737	597	336	389	415	0	0	0	0	0
epi2732603/africa/south_africa/2023-07-03	1737	599	335	387	416	0	0	0	0	0
epi2732579/africa/south_africa/2023-05-11	1737	597	337	389	414	0	0	0	0	0
epi2732587/africa/south_africa/2023-04-28	1737	596	334	392	415	0	0	0	0	0
epi2732563/africa/south_africa/2023-05-31	1737	602	338	386	411	0	0	0	0	0
epi2732571/africa/south_africa/2023-05-12	1737	595	336	391	415	0	0	0	0	0
epi2732547/africa/south_africa/2023-07-06	1737	597	337	389	414	0	0	0	0	0
epi2732555/africa/south_africa/2023-06-09	1737	597	336	389	415	0	0	0	0	0
epi2310641/africa/south_africa/2022-05-17	1737	602	335	378	412	10	0	0	0	0
epi4251470/africa/south_africa/2025-02-02	1701	580	327	389	405	0	0	0	0	0
epi3226953/africa/south_africa/2024-02-06	1701	582	328	387	404	0	0	0	0	0
epi3226975/africa/south_africa/2024-02-14	1701	583	328	386	404	0	0	0	0	0
epi3606917/africa/south_africa/2024-07-30	1701	584	325	386	406	0	0	0	0	0
epi3606953/africa/south_africa/2024-07-31	1701	584	325	386	406	0	0	0	0	0
epi3606961/africa/south_africa/2024-07-31	1701	584	325	386	406	0	0	0	0	0
epi2725039/africa/south_africa/2023-06-14	1701	582	330	385	404	0	0	0	0	0
epi2725031/africa/south_africa/2023-06-14	1701	582	330	385	404	0	0	0	0	0
epi2725055/africa/south_africa/2023-06-14	1701	582	331	385	403	0	0	0	0	0
epi2725047/africa/south_africa/2023-06-13	1701	582	331	385	403	0	0	0	0	0
epi2725008/africa/south_africa/2023-06-13	1701	582	329	386	404	0	0	0	0	0
epi2725000/africa/south_africa/2023-06-14	1701	582	330	385	404	0	0	0	0	0
epi2725024/africa/south_africa/2023-06-14	1701	581	329	386	405	0	0	0	0	0
epi2725016/africa/south_africa/2023-06-13	1701	583	330	384	404	0	0	0	0	0
epi2725099/africa/south_africa/2023-06-15	1701	583	325	386	406	0	1	0	0	0
epi2725091/africa/south_africa/2023-06-19	1701	590	331	379	401	0	0	0	0	0
epi2725115/africa/south_africa/2023-06-12	1701	581	330	386	404	0	0	0	0	0
epi2725107/africa/south_africa/2023-06-17	1701	584	330	384	403	0	0	0	0	0
epi2725069/africa/south_africa/2023-06-13	1701	583	331	384	403	0	0	0	0	0
epi2725063/africa/south_africa/2023-06-14	1701	581	330	386	404	0	0	0	0	0
epi2725083/africa/south_africa/2023-06-13	1701	583	331	384	403	0	0	0	0	0
epi2725075/africa/south_africa/2023-06-14	1701	584	328	386	403	0	0	0	0	0
epi2724978/africa/south_africa/2023-06-09	1701	584	329	385	403	0	0	0	0	0
epi2724971/africa/south_africa/2023-06-13	1701	584	328	386	403	0	0	0	0	0
epi2724992/africa/south_africa/2023-06-14	1701	581	330	386	404	0	0	0	0	0
epi2724984/africa/south_africa/2023-06-09	1701	582	332	385	402	0	0	0	0	0
epi2724963/africa/south_africa/2023-01-25	1701	583	330	384	404	0	0	0	0	0
epi2725268/africa/south_africa/2023-06-21	1701	584	328	386	403	0	0	0	0	0
epi2725263/africa/south_africa/2023-06-19	1701	583	330	384	404	0	0	0	0	0
epi2725284/africa/south_africa/2023-06-27	1701	582	330	385	404	0	0	0	0	0
epi2725276/africa/south_africa/2023-06-23	1701	582	330	385	404	0	0	0	0	0
epi2725240/africa/south_africa/2023-06-19	1701	579	331	386	405	0	0	0	0	0
epi2725232/africa/south_africa/2023-06-19	1701	579	331	385	403	0	3	0	0	0
epi2725256/africa/south_africa/2023-06-21	1701	582	330	384	405	0	0	0	0	0
epi2725248/africa/south_africa/2023-06-19	1701	579	331	386	405	0	0	0	0	0
epi2725297/africa/south_africa/2023-06-28	1701	582	330	385	404	0	0	0	0	0
epi2725291/africa/south_africa/2023-06-27	1701	580	330	387	404	0	0	0	0	0
epi2725308/africa/south_africa/2023-05-29	1701	582	330	385	404	0	0	0	0	0
epi2725304/africa/south_africa/2023-06-29	1701	583	328	387	403	0	0	0	0	0
epi2725153/africa/south_africa/2023-06-21	1701	583	331	384	403	0	0	0	0	0
epi2725146/africa/south_africa/2023-06-21	1701	583	330	384	404	0	0	0	0	0
epi2725163/africa/south_africa/2023-06-21	1701	583	330	384	403	0	1	0	0	0
epi2725158/africa/south_africa/2023-06-21	1701	582	330	385	404	0	0	0	0	0
epi2725127/africa/south_africa/2023-06-20	1701	582	330	385	404	0	0	0	0	0
epi2725122/africa/south_africa/2023-06-15	1701	583	330	383	405	0	0	0	0	0
epi2725139/africa/south_africa/2023-06-15	1701	581	331	386	403	0	0	0	0	0
epi2725132/africa/south_africa/2023-06-19	1701	583	330	384	404	0	0	0	0	0
epi2725202/africa/south_africa/2023-06-15	1701	584	330	383	404	0	0	0	0	0
epi2725224/africa/south_africa/2023-06-19	1701	582	331	385	403	0	0	0	0	0
epi2725216/africa/south_africa/2023-06-13	1701	582	331	385	403	0	0	0	0	0
epi2725178/africa/south_africa/2023-06-20	1701	582	330	385	404	0	0	0	0	0
epi2725170/africa/south_africa/2023-06-19	1701	582	330	385	404	0	0	0	0	0
epi2725194/africa/south_africa/2023-06-21	1701	581	331	386	403	0	0	0	0	0
epi2725186/africa/south_africa/2023-06-20	1701	584	327	386	404	0	0	0	0	0
epi2508385/africa/south_africa/2022-06-03	1701	588	330	379	404	0	0	0	0	0
epi2508377/africa/south_africa/2022-06-08	1701	588	329	379	405	0	0	0	0	0
epi2508393/africa/south_africa/2022-06-10	1701	586	330	384	401	0	0	0	0	0
epi2508401/africa/south_africa/2022-06-14	1701	588	330	379	404	0	0	0	0	0
epi4381055/africa/south_africa/2025-05-04	1701	580	327	389	405	0	0	0	0	0
epi4381048/africa/south_africa/2025-05-01	1701	581	325	389	406	0	0	0	0	0
epi4381040/africa/south_africa/2025-05-05	1701	582	325	388	406	0	0	0	0	0
epi4380906/africa/south_africa/2025-04-22	1701	580	328	389	404	0	0	0	0	0
epi4380899/africa/south_africa/2025-04-23	1701	579	326	391	405	0	0	0	0	0
epi4380891/africa/south_africa/2025-04-22	1701	582	326	388	405	0	0	0	0	0
epi4380883/africa/south_africa/2025-04-23	1701	579	328	390	404	0	0	0	0	0
epi4381032/africa/south_africa/2025-05-05	1701	576	329	391	405	0	0	0	0	0
epi4381024/africa/south_africa/2025-05-02	1701	581	325	389	406	0	0	0	0	0
epi4381016/africa/south_africa/2025-04-29	1701	580	326	389	406	0	0	0	0	0
epi4381008/africa/south_africa/2025-04-30	1701	581	325	389	406	0	0	0	0	0
epi4381000/africa/south_africa/2025-05-02	1701	576	328	391	406	0	0	0	0	0
epi4380993/africa/south_africa/2025-04-30	1701	579	323	390	409	0	0	0	0	0
epi4380985/africa/south_africa/2025-05-02	1701	576	329	391	405	0	0	0	0	0
epi4380977/africa/south_africa/2025-04-29	1701	580	326	390	404	0	1	0	0	0
epi4380969/africa/south_africa/2025-04-29	1701	580	326	390	405	0	0	0	0	0
epi4380961/africa/south_africa/2025-05-02	1701	580	326	390	405	0	0	0	0	0
epi4380953/africa/south_africa/2025-05-02	1701	582	327	387	405	0	0	0	0	0
epi4380946/africa/south_africa/2025-05-02	1701	579	328	390	404	0	0	0	0	0
epi4380938/africa/south_africa/2025-04-29	1701	578	327	392	404	0	0	0	0	0
epi4380930/africa/south_africa/2025-04-25	1701	581	325	388	406	0	1	0	0	0
epi4380922/africa/south_africa/2025-04-29	1701	580	325	389	407	0	0	0	0	0
epi4380914/africa/south_africa/2025-04-24	1701	582	325	388	406	0	0	0	0	0
epi2073534/africa/south_africa/2021-09-16	1701	577	330	380	414	0	0	0	0	0
epi2073535/africa/south_africa/2021-09-15	1701	588	330	379	404	0	0	0	0	0
epi2073537/africa/south_africa/2021-11-09	1407	491	270	318	328	0	0	0	0	0
epi2073538/africa/south_africa/2021-11-10	1411	495	270	317	329	0	0	0	0	0
epi2632213/africa/south_africa/2023-05-11	1701	585	330	381	403	0	2	0	0	0
epi2632219/africa/south_africa/2023-05-11	1701	584	330	386	401	0	0	0	0	0
epi2632198/africa/south_africa/2023-05-15	1701	582	330	385	404	0	0	0	0	0
epi2632206/africa/south_africa/2023-05-12	1701	583	330	382	404	0	2	0	0	0
epi2632226/africa/south_africa/2023-05-10	1701	583	330	383	403	0	2	0	0	0
epi2632234/africa/south_africa/2023-05-10	1701	582	330	385	404	0	0	0	0	0
epi2632164/africa/south_africa/2023-05-09	1701	589	333	379	400	0	0	0	0	0
epi2632182/africa/south_africa/2023-05-16	1701	582	330	385	404	0	0	0	0	0
epi2632190/africa/south_africa/2023-05-16	1701	582	330	384	405	0	0	0	0	0
epi2632170/africa/south_africa/2023-05-04	1701	582	331	385	403	0	0	0	0	0
epi2632176/africa/south_africa/2023-05-10	1701	583	326	386	406	0	0	0	0	0
epi4327606/africa/south_africa/2025-04-15	1701	581	328	388	404	0	0	0	0	0
epi4327598/africa/south_africa/2025-04-15	1701	581	328	387	405	0	0	0	0	0
epi4327590/africa/south_africa/2025-04-11	1701	581	326	388	406	0	0	0	0	0
epi4327582/africa/south_africa/2025-04-15	1701	580	326	389	406	0	0	0	0	0
epi4327574/africa/south_africa/2025-04-15	1701	579	328	388	404	0	2	0	0	0
epi4327566/africa/south_africa/2025-04-15	1701	582	328	388	402	0	1	0	0	0
epi4327558/africa/south_africa/2025-04-14	1701	580	328	389	404	0	0	0	0	0
epi4327550/africa/south_africa/2025-04-11	1701	580	328	389	404	0	0	0	0	0
epi4327700/africa/south_africa/2025-04-17	1701	579	329	390	403	0	0	0	0	0
epi4327692/africa/south_africa/2025-04-22	1701	582	325	387	406	0	1	0	0	0
epi4327684/africa/south_africa/2025-04-16	1701	580	324	389	406	0	2	0	0	0
epi4327676/africa/south_africa/2025-04-22	1701	580	327	389	405	0	0	0	0	0
epi4327668/africa/south_africa/2025-04-17	1701	580	328	389	404	0	0	0	0	0
epi4327660/africa/south_africa/2025-04-16	1701	580	329	389	403	0	0	0	0	0
epi4327652/africa/south_africa/2025-04-15	1701	584	325	386	406	0	0	0	0	0
epi4327644/africa/south_africa/2025-04-14	1701	580	325	390	406	0	0	0	0	0
epi4327636/africa/south_africa/2025-04-15	1701	584	325	386	406	0	0	0	0	0
epi4327629/africa/south_africa/2025-04-15	1701	580	327	389	405	0	0	0	0	0
epi4327622/africa/south_africa/2025-04-14	1701	584	325	386	406	0	0	0	0	0
epi4327614/africa/south_africa/2025-04-15	1701	582	328	387	404	0	0	0	0	0
epi2312160/africa/south_africa/2022-05-17	1701	588	330	379	404	0	0	0	0	0
epi3066783/africa/south_africa/2022-09-14	1701	586	330	384	401	0	0	0	0	0
epi3066793/africa/south_africa/2022-06-17	1701	587	329	384	401	0	0	0	0	0
epi3066801/africa/south_africa/2022-09-20	1701	589	329	378	405	0	0	0	0	0
epi3066817/africa/south_africa/2022-06-17	1701	585	330	384	401	0	1	0	0	0
epi3066825/africa/south_africa/2022-09-23	1701	590	330	377	404	0	0	0	0	0
epi3066849/africa/south_africa/2022-10-10	1701	580	331	387	403	0	0	0	0	0
epi3066870/africa/south_africa/2022-10-13	1701	580	331	387	403	0	0	0	0	0
epi3066924/africa/south_africa/2022-06-21	1701	587	329	383	401	0	1	0	0	0
epi3066927/africa/south_africa/2021-09-27	1701	587	330	380	404	0	0	0	0	0
epi3066944/africa/south_africa/2022-07-01	1701	586	329	384	401	0	1	0	0	0
epi2312176/africa/south_africa/2022-05-25	1737	597	333	379	414	14	0	0	0	0
epi2610111/africa/south_africa/2023-04-12	1701	582	330	385	404	0	0	0	0	0
epi2610115/africa/south_africa/2023-04-12	1701	586	327	384	404	0	0	0	0	0
epi2610123/africa/south_africa/2023-04-13	1701	587	327	383	404	0	0	0	0	0
epi2610139/africa/south_africa/2023-04-06	1701	589	332	379	401	0	0	0	0	0
epi2610147/africa/south_africa/2023-04-11	1701	586	329	385	401	0	0	0	0	0
epi2610131/africa/south_africa/2023-04-06	1701	587	328	383	403	0	0	0	0	0
epi2610155/africa/south_africa/2023-04-13	1701	586	331	383	401	0	0	0	0	0
epi2610163/africa/south_africa/2023-04-13	1701	588	331	382	400	0	0	0	0	0
epi2610179/africa/south_africa/2023-04-17	1701	585	331	385	400	0	0	0	0	0
epi2610171/africa/south_africa/2023-04-12	1701	586	326	384	405	0	0	0	0	0
epi2610187/africa/south_africa/2023-04-17	1701	583	328	387	403	0	0	0	0	0
epi3731145/africa/south_africa/2024-09-27	1737	596	330	392	419	0	0	0	0	0
epi3731161/africa/south_africa/2024-10-10	1737	595	330	393	419	0	0	0	0	0
epi3731153/africa/south_africa/2024-10-17	1737	597	329	391	420	0	0	0	0	0
epi2610195/africa/south_africa/2023-04-18	1701	587	327	383	404	0	0	0	0	0
epi3067220/africa/south_africa/2022-09-08	1701	584	328	384	405	0	0	0	0	0
epi3067225/africa/south_africa/2022-06-07	1701	586	330	384	401	0	0	0	0	0
epi3067022/africa/south_africa/2021-10-26	1701	578	327	380	416	0	0	0	0	0
epi3067094/africa/south_africa/2022-08-22	1701	589	330	378	404	0	0	0	0	0
epi3067135/africa/south_africa/2022-08-24	1701	589	330	378	404	0	0	0	0	0
epi3067160/africa/south_africa/2022-08-30	1701	590	329	377	405	0	0	0	0	0
epi2178944/africa/south_africa/2022-06-08	1701	588	331	379	403	0	0	0	0	0
epi2178947/africa/south_africa/2022-07-14	1701	587	329	383	402	0	0	0	0	0
epi2178950/africa/south_africa/2022-07-20	1701	589	330	378	404	0	0	0	0	0
epi2178953/africa/south_africa/2022-07-04	1701	586	330	384	401	0	0	0	0	0
epi2610058/africa/south_africa/2023-03-27	1701	587	326	383	405	0	0	0	0	0
epi2178932/africa/south_africa/2022-06-10	1701	588	330	379	404	0	0	0	0	0
epi2178935/africa/south_africa/2022-06-03	1701	588	330	379	404	0	0	0	0	0
epi2178920/africa/south_africa/2022-07-05	1701	586	330	384	401	0	0	0	0	0
epi2178923/africa/south_africa/2022-05-23	1701	589	329	378	405	0	0	0	0	0
epi2178926/africa/south_africa/2022-07-01	1701	588	330	379	404	0	0	0	0	0
epi2178929/africa/south_africa/2022-06-03	1701	586	330	384	401	0	0	0	0	0
epi2610066/africa/south_africa/2023-03-23	1701	588	331	382	400	0	0	0	0	0
epi3509273/africa/south_africa/2024-05-14	1718	591	327	389	411	0	0	0	0	0
epi2610074/africa/south_africa/2023-03-22	1701	588	331	382	400	0	0	0	0	0
epi2610090/africa/south_africa/2023-03-31	1701	586	326	384	405	0	0	0	0	0
epi2610082/africa/south_africa/2023-03-29	1701	586	327	384	404	0	0	0	0	0
epi2610104/africa/south_africa/2023-04-11	1701	587	332	382	400	0	0	0	0	0
epi2610097/africa/south_africa/2023-04-05	1701	587	333	382	399	0	0	0	0	0
